{"2602.04529::LLMs for Algorithm Design": 9, "2602.04296::LLMs for Algorithm Design": 7, "2602.03132::LLMs for Algorithm Design": 9, "2601.21847::LLMs for Algorithm Design": 9, "2601.21511::LLMs for Algorithm Design": 10, "2601.21239::LLMs for Algorithm Design": 9, "2601.20539::LLMs for Algorithm Design": 9, "2601.19622::LLMs for Algorithm Design": 10, "2601.17899::LLMs for Algorithm Design": 9, "2601.15738::LLMs for Algorithm Design": 10, "2601.05943::LLMs for Algorithm Design": 8, "2601.05770::LLMs for Algorithm Design": 6, "2512.24077::LLMs for Algorithm Design": 9, "2512.21563::LLMs for Algorithm Design": 2, "2512.09209::LLMs for Algorithm Design": 8, "2512.04329::LLMs for Algorithm Design": 5, "2511.08522::LLMs for Algorithm Design": 10, "2511.07391::LLMs for Algorithm Design": 9, "2510.14150::LLMs for Algorithm Design": 10, "2510.11121::LLMs for Algorithm Design": 10, "2510.08159::LLMs for Algorithm Design": 2, "2510.06189::LLMs for Algorithm Design": 6, "2510.06056::LLMs for Algorithm Design": 10, "2509.24509::LLMs for Algorithm Design": 10, "2509.21593::LLMs for Algorithm Design": 9, "2509.02297::LLMs for Algorithm Design": 9, "2508.11703::LLMs for Algorithm Design": 8, "2508.03661::LLMs for Algorithm Design": 10, "2508.03082::LLMs for Algorithm Design": 9, "2508.01558::LLMs for Algorithm Design": 10, "2507.03833::LLMs for Algorithm Design": 2, "2507.03605::LLMs for Algorithm Design": 9, "2507.03190::LLMs for Algorithm Design": 4, "2506.13131::LLMs for Algorithm Design": 10, "2506.12495::LLMs for Algorithm Design": 9, "2506.00490::LLMs for Algorithm Design": 9, "2505.18602::LLMs for Algorithm Design": 9, "2505.18508::LLMs for Algorithm Design": 2, "2506.11057::LLMs for Algorithm Design": 9, "2505.12285::LLMs for Algorithm Design": 9, "2505.00793::LLMs for Algorithm Design": 2, "2504.20183::LLMs for Algorithm Design": 9, "2504.05108::LLMs for Algorithm Design": 10, "2503.19742::LLMs for Algorithm Design": 9, "2503.03350::LLMs for Algorithm Design": 9, "2502.17533::LLMs for Algorithm Design": 6, "2501.06423::LLMs for Algorithm Design": 9, "2412.11068::LLMs for Algorithm Design": 3, "2412.06229::LLMs for Algorithm Design": 6, "2412.01483::LLMs for Algorithm Design": 3, "2410.22657::LLMs for Algorithm Design": 9, "2410.15639::LLMs for Algorithm Design": 10, "2409.16867::LLMs for Algorithm Design": 9, "2409.09063::LLMs for Algorithm Design": 5, "2407.10873::LLMs for Algorithm Design": 9, "2405.16710::LLMs for Algorithm Design": 3, "2403.09675::LLMs for Algorithm Design": 7, "2402.02456::LLMs for Algorithm Design": 10, "2401.12379::LLMs for Algorithm Design": 8, "2401.02051::LLMs for Algorithm Design": 10, "2602.02988::OR for Generative AI": 8, "2601.22876::OR for Generative AI": 2, "2601.21202::OR for Generative AI": 0, "2601.04071::OR for Generative AI": 9, "2601.02569::OR for Generative AI": 9, "2512.22925::OR for Generative AI": 9, "2512.21746::OR for Generative AI": 1, "2512.16134::OR for Generative AI": 9, "2512.11221::OR for Generative AI": 8, "2512.10271::OR for Generative AI": 6, "2512.06727::OR for Generative AI": 8, "2512.01953::OR for Generative AI": 9, "2511.22481::OR for Generative AI": 10, "2511.18906::OR for Generative AI": 8, "2511.15950::OR for Generative AI": 5, "2511.14510::OR for Generative AI": 8, "2511.13676::OR for Generative AI": 8, "2511.12081::OR for Generative AI": 0, "2511.11106::OR for Generative AI": 8, "2511.02681::OR for Generative AI": 7, "2511.02230::OR for Generative AI": 9, "2511.01633::OR for Generative AI": 9, "2510.25600::OR for Generative AI": 9, "2511.19438::OR for Generative AI": 8, "2510.24509::OR for Generative AI": 4, "2510.19669::OR for Generative AI": 6, "2510.17015::OR for Generative AI": 9, "2510.14557::OR for Generative AI": 7, "2510.11331::OR for Generative AI": 9, "2510.09332::OR for Generative AI": 8, "2510.06175::OR for Generative AI": 9, "2510.08595::OR for Generative AI": 1, "2509.26182::OR for Generative AI": 9, "2509.25853::OR for Generative AI": 4, "2509.24832::OR for Generative AI": 9, "2509.24328::OR for Generative AI": 7, "2509.22134::OR for Generative AI": 8, "2509.19729::OR for Generative AI": 9, "2509.17357::OR for Generative AI": 9, "2509.10372::OR for Generative AI": 7, "2509.09091::OR for Generative AI": 6, "2509.08542::OR for Generative AI": 6, "2509.12207::OR for Generative AI": 3, "2508.14544::OR for Generative AI": 9, "2508.16653::OR for Generative AI": 9, "2508.09072::OR for Generative AI": 9, "2508.06297::OR for Generative AI": 9, "2508.06133::OR for Generative AI": 10, "2508.01989::OR for Generative AI": 9, "2508.01744::OR for Generative AI": 9, "2508.02751::OR for Generative AI": 8, "2508.01002::OR for Generative AI": 10, "2508.00370::OR for Generative AI": 8, "2507.19608::OR for Generative AI": 6, "2507.17120::OR for Generative AI": 8, "2507.11953::OR for Generative AI": 8, "2507.11507::OR for Generative AI": 9, "2507.14204::OR for Generative AI": 7, "2507.08523::OR for Generative AI": 9, "2507.06520::OR for Generative AI": 7, "2507.03865::OR for Generative AI": 7, "2506.17188::OR for Generative AI": 6, "2506.09554::OR for Generative AI": 6, "2506.07418::OR for Generative AI": 2, "2506.06579::OR for Generative AI": 8, "2506.05344::OR for Generative AI": 9, "2506.02850::OR for Generative AI": 9, "2505.23554::OR for Generative AI": 9, "2505.21775::OR for Generative AI": 3, "2505.19586::OR for Generative AI": 8, "2505.17420::OR for Generative AI": 8, "2505.17190::OR for Generative AI": 2, "2505.17132::OR for Generative AI": 7, "2505.13109::OR for Generative AI": 9, "2505.10259::OR for Generative AI": 9, "2505.09142::OR for Generative AI": 9, "2505.08489::OR for Generative AI": 1, "2505.07858::OR for Generative AI": 9, "2504.19720::OR for Generative AI": 9, "2504.19449::OR for Generative AI": 7, "2504.17376::OR for Generative AI": 7, "2504.11320::OR for Generative AI": 10, "2504.10724::OR for Generative AI": 9, "2504.09936::OR for Generative AI": 10, "2504.09561::OR for Generative AI": 7, "2504.07347::OR for Generative AI": 9, "2504.05897::OR for Generative AI": 9, "2504.03360::OR for Generative AI": 4, "2504.00970::OR for Generative AI": 9, "2503.24053::OR for Generative AI": 3, "2503.22196::OR for Generative AI": 7, "2503.17922::OR for Generative AI": 9, "2503.15921::OR for Generative AI": 7, "2503.10325::OR for Generative AI": 9, "2503.10714::OR for Generative AI": 8, "2503.05096::OR for Generative AI": 8, "2503.01804::OR for Generative AI": 5, "2503.00491::OR for Generative AI": 8, "2502.19973::OR for Generative AI": 1, "2502.16963::OR for Generative AI": 9, "2602.06357::Generative AI for OR": 8, "2602.03318::Generative AI for OR": 10, "2602.03070::Generative AI for OR": 9, "2602.03690::Generative AI for OR": 6, "2602.02029::Generative AI for OR": 9, "2602.01082::Generative AI for OR": 10, "2601.21372::Generative AI for OR": 10, "2601.17670::Generative AI for OR": 9, "2601.06543::Generative AI for OR": 6, "2601.19924::Generative AI for OR": 9, "2601.05943::Generative AI for OR": 9, "2512.19001::Generative AI for OR": 5, "2512.18682::Generative AI for OR": 9, "2511.18789::Generative AI for OR": 2, "2511.02364::Generative AI for OR": 10, "2510.27610::Generative AI for OR": 9, "2510.25799::Generative AI for OR": 4, "2510.21525::Generative AI for OR": 4, "2510.18428::Generative AI for OR": 10, "2510.04204::Generative AI for OR": 9, "2510.03691::Generative AI for OR": 2, "2510.02679::Generative AI for OR": 9, "2509.24256::Generative AI for OR": 9, "2509.22558::Generative AI for OR": 9, "2510.01253::Generative AI for OR": 10, "2511.11576::Generative AI for OR": 10, "2509.16865::Generative AI for OR": 10, "2509.16402::Generative AI for OR": 10, "2509.18180::Generative AI for OR": 10, "2509.08269::Generative AI for OR": 9, "2509.07370::Generative AI for OR": 10, "2509.01886::Generative AI for OR": 0, "2509.02476::Generative AI for OR": 1, "2509.00099::Generative AI for OR": 10, "2508.18091::Generative AI for OR": 10, "2508.16077::Generative AI for OR": 7,