{"2602.04529::LLMs for Algorithm Design": 9, "2602.04296::LLMs for Algorithm Design": 7, "2602.03132::LLMs for Algorithm Design": 9, "2601.21847::LLMs for Algorithm Design": 9, "2601.21511::LLMs for Algorithm Design": 9, "2601.21239::LLMs for Algorithm Design": 9, "2601.20539::LLMs for Algorithm Design": 9, "2601.19622::LLMs for Algorithm Design": 9, "2601.17899::LLMs for Algorithm Design": 9, "2601.15738::LLMs for Algorithm Design": 9, "2601.05943::LLMs for Algorithm Design": 9, "2601.05770::LLMs for Algorithm Design": 8, "2512.24077::LLMs for Algorithm Design": 9, "2512.09209::LLMs for Algorithm Design": 9, "2511.08522::LLMs for Algorithm Design": 9, "2511.07391::LLMs for Algorithm Design": 8, "2510.14150::LLMs for Algorithm Design": 10, "2510.11121::LLMs for Algorithm Design": 9, "2510.06189::LLMs for Algorithm Design": 9, "2510.06056::LLMs for Algorithm Design": 9, "2509.24509::LLMs for Algorithm Design": 9, "2509.21593::LLMs for Algorithm Design": 9, "2509.02297::LLMs for Algorithm Design": 9, "2508.11703::LLMs for Algorithm Design": 9, "2508.03661::LLMs for Algorithm Design": 9, "2508.03082::LLMs for Algorithm Design": 9, "2508.01558::LLMs for Algorithm Design": 9, "2507.03605::LLMs for Algorithm Design": 10, "2506.13131::LLMs for Algorithm Design": 10, "2506.12495::LLMs for Algorithm Design": 9, "2506.00490::LLMs for Algorithm Design": 9, "2505.18602::LLMs for Algorithm Design": 9, "2506.11057::LLMs for Algorithm Design": 9, "2505.12285::LLMs for Algorithm Design": 9, "2504.20183::LLMs for Algorithm Design": 9, "2504.05108::LLMs for Algorithm Design": 10, "2503.19742::LLMs for Algorithm Design": 9, "2503.03350::LLMs for Algorithm Design": 9, "2502.17533::LLMs for Algorithm Design": 4, "2501.06423::LLMs for Algorithm Design": 9, "2412.06229::LLMs for Algorithm Design": 9, "2410.22657::LLMs for Algorithm Design": 9, "2410.15639::LLMs for Algorithm Design": 9, "2409.16867::LLMs for Algorithm Design": 9, "2407.10873::LLMs for Algorithm Design": 10, "2403.09675::LLMs for Algorithm Design": 8, "2402.02456::LLMs for Algorithm Design": 9, "2401.12379::LLMs for Algorithm Design": 3, "2401.02051::LLMs for Algorithm Design": 9, "2602.08603::OR for Generative AI": 9, "2602.02987::OR for Generative AI": 10, "2602.01410::OR for Generative AI": 8, "2602.01082::OR for Generative AI": 2, "2602.01027::OR for Generative AI": 3, "2601.19563::OR for Generative AI": 9, "2601.16848::OR for Generative AI": 9, "2601.12311::OR for Generative AI": 9, "2601.19924::OR for Generative AI": 3, "2512.21884::OR for Generative AI": 10, "2512.20967::OR for Generative AI": 9, "2511.21572::OR for Generative AI": 9, "2511.15898::OR for Generative AI": 9, "2511.13313::OR for Generative AI": 7, "2511.12474::OR for Generative AI": 3, "2512.00040::OR for Generative AI": 3, "2512.00039::OR for Generative AI": 6, "2511.04588::OR for Generative AI": 6, "2511.03159::OR for Generative AI": 9, "2511.02364::OR for Generative AI": 2, "2510.26603::OR for Generative AI": 8, "2510.22784::OR for Generative AI": 9, "2510.10962::OR for Generative AI": 9, "2510.10028::OR for Generative AI": 9, "2510.09330::OR for Generative AI": 9, "2510.07417::OR for Generative AI": 9, "2510.02047::OR for Generative AI": 7, "2510.00821::OR for Generative AI": 3, "2509.23506::OR for Generative AI": 9, "2509.22979::OR for Generative AI": 3, "2509.21091::OR for Generative AI": 9, "2509.21090::OR for Generative AI": 9, "2509.19791::OR for Generative AI": 7, "2509.13934::OR for Generative AI": 3, "2509.08593::OR for Generative AI": 9, "2509.19306::OR for Generative AI": 9, "2508.19373::OR for Generative AI": 9, "2508.13380::OR for Generative AI": 9, "2508.11850::OR for Generative AI": 3, "2508.11287::OR for Generative AI": 9, "2508.09229::OR for Generative AI": 9, "2508.03117::OR for Generative AI": 3, "2507.23390::OR for Generative AI": 3, "2507.22338::OR for Generative AI": 8, "2507.15615::OR for Generative AI": 6, "2507.11352::OR for Generative AI": 6, "2507.03920::OR for Generative AI": 3, "2506.18178::OR for Generative AI": 9, "2506.05637::OR for Generative AI": 3, "2506.11087::OR for Generative AI": 9, "2506.04203::OR for Generative AI": 9, "2505.18999::OR for Generative AI": 7, "2505.17011::OR for Generative AI": 9, "2505.15818::OR for Generative AI": 7, "2602.08585::OR for Generative AI": 9, "2602.07663::OR for Generative AI": 9, "2602.07263::OR for Generative AI": 9, "2602.02943::OR for Generative AI": 9, "2602.01237::OR for Generative AI": 9, "2602.01090::OR for Generative AI": 3, "2602.00509::OR for Generative AI": 9, "2601.22571::OR for Generative AI": 3, "2601.21824::OR for Generative AI": 9, "2601.21822::OR for Generative AI": 9, "2601.08135::OR for Generative AI": 9, "2601.08113::OR for Generative AI": 9, "2601.06520::OR for Generative AI": 9, "2602.03318::OR for Generative AI": 2, "2602.02029::OR for Generative AI": 3, "2601.21008::OR for Generative AI": 3, "2601.00121::OR for Generative AI": 6, "2512.16134::OR for Generative AI": 9, "2512.14925::OR for Generative AI": 7, "2511.14450::OR for Generative AI": 9, "2511.09105::OR for Generative AI": 7, "2511.09092::OR for Generative AI": 3, "2511.05915::OR for Generative AI": 9, "2510.05774::OR for Generative AI": 5, "2509.22558::OR for Generative AI": 2, "2510.01253::OR for Generative AI": 3, "2508.07768::OR for Generative AI": 7, "2508.03464::OR for Generative AI": 9, "2506.23924::OR for Generative AI": 2, "2506.06052::OR for Generative AI": 3, "2506.05664::OR for Generative AI": 8, "2505.23555::OR for Generative AI": 9, "2505.11570::OR for Generative AI": 9, "2504.14667::OR for Generative AI": 9, "2504.11320::OR for Generative AI": 9, "2503.14882::OR for Generative AI": 9, "2503.10009::OR for Generative AI": 2, "2503.08796::OR for Generative AI": 9, "2502.14617::OR for Generative AI": 9, "2502.12559::OR for Generative AI": 9, "2502.01827::OR for Generative AI": 7, "2501.01078::OR for Generative AI": 9, "2411.01679::OR for Generative AI": 3, "2410.15483::OR for Generative AI": 7, "2410.10759::OR for Generative AI": 9, "2409.02026::OR for Generative AI": 8, "2408.03728::OR for Generative AI": 8, "2406.10958::OR for Generative AI": 3, "2406.01566::OR for Generative AI": 9, "2405.17743::OR for Generative AI": 3, "2405.07140::OR for Generative AI": 9, "2602.06357::Generative AI for OR": 9, "2602.03318::Generative AI for OR": 10, "2602.03070::Generative AI for OR": 9, "2602.03690::Generative AI for OR": 7, "2602.02029::Generative AI for OR": 10, "2602.01082::Generative AI for OR": 9, "2601.21372::Generative AI for OR": 9, "2601.17670::Generative AI for OR": 9, "2601.06543::Generative AI for OR": 9, "2601.19924::Generative AI for OR": 10, "2601.05943::Generative AI for OR": 9, "2512.18682::Generative AI for OR": 9, "2511.02364::Generative AI for OR": 9, "2510.27610::Generative AI for OR": 10, "2510.18428::Generative AI for OR": 10, "2510.04204::Generative AI for OR": 9, "2510.02679::Generative AI for OR": 9, "2509.24256::Generative AI for OR": 9, "2509.22558::Generative AI for OR": 9, "2510.01253::Generative AI for OR": 9, "2511.11576::Generative AI for OR": 9, "2509.16865::Generative AI for OR": 9, "2509.16402::Generative AI for OR": 7, "2509.18180::Generative AI for OR": 10, "2509.08269::Generative AI for OR": 9, "2509.07370::Generative AI for OR": 2, "2509.00099::Generative AI for OR": 9, "2508.18091::Generative AI for OR": 9, "2508.16077::Generative AI for OR": 7, "2508.15204::Generative AI for OR": 9, "2508.14544::Generative AI for OR": 3, "2508.14410::Generative AI for OR": 10, "2508.11850::Generative AI for OR": 9, "2508.03117::Generative AI for OR": 9, "2507.14995::Generative AI for OR": 9, "2507.11737::Generative AI for OR": 9, "2507.10614::Generative AI for OR": 9, "2506.23924::Generative AI for OR": 9, "2505.21775::Generative AI for OR": 9, "2505.11792::Generative AI for OR": 9, "2505.06608::Generative AI for OR": 9, "2503.10009::Generative AI for OR": 10, "2503.10642::Generative AI for OR": 9, "2501.08406::Generative AI for OR": 9,